threshold,total_bets,wins,losses,win_rate,total_profit,roi,final_bankroll,avg_ev,avg_edge,avg_bet_size,avg_kelly,max_drawdown,max_loss_streak,profit_volatility
0.03,20791,8962,11829,0.43105189745562983,-17319.182231767096,-0.08329848815176351,-16319.18223176704,0.05132582855065083,0.02163510307660443,10.00034273008338,0.04132163982078659,-17.710798964144086,15,11.050033158178145
0.05,8273,2957,5316,0.35742777710624923,-13431.0557250706,-0.16232859151479329,-12431.055725070577,0.07041374789650041,0.02713606880362225,10.00119986278407,0.04759742862258825,-12.50905551332477,19,11.689500081941992
0.07,3094,887,2207,0.28668390433096314,-7969.692804133321,-0.2575198785769604,-6969.692804133322,0.0904234346129259,0.03165401296165182,10.002544987711179,0.05117487887558008,-7.436219732089207,19,12.074282251288258
0.08,1882,466,1416,0.24760892667375134,-5920.6433760971395,-0.31455039630606013,-4920.643376097146,0.10054281709141225,0.03346523629496239,10.001359695239547,0.05192620442230811,-5.639135719566625,24,12.232699224407842
0.1,732,156,576,0.21311475409836064,-2599.9668510138463,-0.3550640870239054,-1599.9668510138456,0.11956270618060853,0.03712414639809951,10.003454059736164,0.05502821843254017,-2.580799186614921,14,12.626491921808016
0.12,266,47,219,0.17669172932330826,-1125.4564735845665,-0.42310393743780694,-125.4564735845666,0.13971198827875242,0.04090631584713901,10.0,0.058687978215684965,-1.1665730321518868,29,12.665173150731684
0.15,55,10,45,0.18181818181818182,-214.86843295184252,-0.3906698780942591,785.1315670481575,0.17296010156475802,0.04769281941721657,10.0,0.06643997144898885,-0.2737612998578738,10,13.231290946095035
